{
  "c8": 0.0426141656935215,
  "r_emaildomain_freq_log": 0.028698503971099854,
  "v200": 0.024947533383965492,
  "v277": 0.022427977994084358,
  "c4": 0.021742811426520348,
  "id_01": 0.018358439207077026,
  "v279": 0.018101386725902557,
  "card6_freq_log": 0.017206909134984016,
  "card6_freq": 0.017146563157439232,
  "v126": 0.015277299098670483,
  "v236": 0.014342625625431538,
  "v201": 0.014186528511345387,
  "r_emaildomain_freq": 0.013708844780921936,
  "v234": 0.011934448033571243,
  "v318": 0.011607312597334385,
  "card1_transactiondt_count": 0.010960363782942295,
  "v230": 0.010553981177508831,
  "v258": 0.009838019497692585,
  "v78": 0.00955963134765625,
  "v317": 0.009016458876430988,
  "card1_addr1_max": 0.0086402278393507,
  "v289": 0.008516978472471237,
  "v83": 0.008176247589290142,
  "c5": 0.007919248193502426,
  "v280": 0.007343977689743042,
  "m4_freq": 0.007238807622343302,
  "card5_freq": 0.007213553413748741,
  "c12": 0.0070356824435293674,
  "v294": 0.00664071599021554,
  "uid_encoded_card5_mean": 0.006620093714445829,
  "m4_freq_log": 0.006559147033840418,
  "v312": 0.0064475140534341335,
  "v311": 0.006443668156862259,
  "c7": 0.006378844380378723,
  "c2": 0.0063718208111822605,
  "v295": 0.00633005378767848,
  "v30": 0.006226520519703627,
  "m3_freq": 0.006053168326616287,
  "v31": 0.005681965034455061,
  "c13": 0.005664283875375986,
  "v166": 0.005648931488394737,
  "v29": 0.005589501932263374,
  "uid_encoded_card5_min": 0.005158915184438229,
  "c1": 0.0051335799507796764,
  "d2": 0.00512281060218811,
  "v287": 0.005030930507928133,
  "TransactionAmt_log": 0.005014295689761639,
  "id_06": 0.004981632344424725,
  "card1_dist2_min": 0.00495906313881278,
  "d5": 0.004950820934027433,
  "transactionamt": 0.004935142118483782,
  "v261": 0.004916133359074593,
  "card1_card2_encoded": 0.004848132375627756,
  "card1_card2_min": 0.004747588653117418,
  "uid_encoded_dist2_std": 0.004698713310062885,
  "uid_encoded_addr1_max": 0.0046807508915662766,
  "v292": 0.004538485314697027,
  "v96": 0.004513673484325409,
  "uid_encoded_transactionamt_min": 0.004469698294997215,
  "card1_freq": 0.004448598250746727,
  "id_32": 0.00433185463771224,
  "card2": 0.004300782922655344,
  "v315": 0.004279782995581627,
  "uid_encoded_dist2_mean": 0.0042298827320337296,
  "v308": 0.004175653215497732,
  "card1_dist1_max": 0.0038572978228330612,
  "card4_freq": 0.0038495203480124474,
  "c11": 0.003846956416964531,
  "TransactionAmt_sqrt": 0.003786139190196991,
  "id_05": 0.003761849133297801,
  "v95": 0.003721541026607156,
  "d10_normalized": 0.0037128853145986795,
  "v283": 0.00370390503667295,
  "d4": 0.0036910863127559423,
  "d15_log": 0.0036400773096829653,
  "uid_encoded": 0.003608312690630555,
  "uid_encoded_addr1_std": 0.0036041687708348036,
  "v221": 0.0035995549988001585,
  "uid_encoded_transactionamt_count": 0.0035897602792829275,
  "m5_freq": 0.0035825420636683702,
  "uid_encoded_transactiondt_min": 0.0035752272233366966,
  "card3": 0.0035268766805529594,
  "m3_freq_log": 0.0035208610352128744,
  "uid_encoded_card2_mean": 0.00348251243121922,
  "uid_encoded_dist1_std": 0.0034439985174685717,
  "d3": 0.0034397996496409178,
  "d10": 0.003436310915276408,
  "v12": 0.0034263681154698133,
  "v320": 0.003407159587368369,
  "d8": 0.0033467260655015707,
  "uid_encoded_card1_mean": 0.003309423802420497,
  "v127": 0.0033068868797272444,
  "uid_encoded_dist2_min": 0.0032988267485052347,
  "v310": 0.0032963345292955637,
  "addr1": 0.0032570871990174055,
  "v133": 0.0032545048743486404,
  "v101": 0.0032064153347164392,
  "uid_encoded_transactiondt_count": 0.0032042197417467833,
  "c6": 0.003203750355169177,
  "uid_encoded_dist1_mean": 0.0031634296756237745,
  "transactiondt": 0.0031539665069431067,
  "card1_transactiondt_std": 0.0031259842216968536,
  "card1": 0.003125040093436837,
  "uid_encoded_addr1_min": 0.0031216945499181747,
  "card1_card2_max": 0.003083353629335761,
  "card1_card2_mean": 0.003073945641517639,
  "d1": 0.0030736085027456284,
  "card1_transactionamt_max": 0.00304357404820621,
  "v19": 0.0030369062442332506,
  "card1_transactionamt_std": 0.0030231308192014694,
  "card1_card5_max": 0.0030208213720470667,
  "v306": 0.002966945758089423,
  "card3_freq_log": 0.0029513731133192778,
  "d1_normalized": 0.0029490201268345118,
  "d15": 0.002942363964393735,
  "d3_normalized": 0.002921846928074956,
  "card2_freq": 0.002856885315850377,
  "uid_encoded_dist1_max": 0.0028551341965794563,
  "TransactionDT_day_sin": 0.002821295754984021,
  "TransactionDT_hour_cos": 0.002814899431541562,
  "card1_transactionamt_min": 0.0027980145532637835,
  "card1_dist1_std": 0.002763839205726981,
  "transactionid": 0.0027473929803818464,
  "id_19": 0.002742788987234235,
  "d4_log": 0.002727457555010915,
  "p_emaildomain_freq_log": 0.002723677083849907,
  "uid_addr_encoded": 0.0027163829654455185,
  "card1_dist1_mean": 0.0027053847443312407,
  "v303": 0.0027016757521778345,
  "d10_log": 0.0026986708398908377,
  "v235": 0.002687552012503147,
  "card1_transactionamt_mean": 0.002663231221958995,
  "uid_encoded_transactionamt_max": 0.0026585326995700598,
  "uid_encoded_dist1_min": 0.002647693268954754,
  "v48": 0.0026271434035152197,
  "c10": 0.002619217149913311,
  "c9": 0.002560575259849429,
  "TransactionAmt_card_interaction": 0.0025565377436578274,
  "v128": 0.002554601989686489,
  "v285": 0.0025517328176647425,
  "v170": 0.002535067731514573,
  "v197": 0.0025311470963060856,
  "uid_encoded_transactionamt_mean": 0.002514822408556938,
  "v253": 0.0024843711871653795,
  "card3_freq": 0.002484126714989543,
  "uid_encoded_transactiondt_mean": 0.0024828838650137186,
  "card1_freq_log": 0.002467854181304574,
  "TransactionDT_hour_sin": 0.0024666758254170418,
  "v82": 0.002447636565193534,
  "card1_transactiondt_mean": 0.0023652573581784964,
  "v203": 0.0023006037808954716,
  "card1_transactiondt_max": 0.0022984116803854704,
  "m2_freq": 0.002293551107868552,
  "v313": 0.002284615533426404,
  "d14_normalized": 0.002245670184493065,
  "v70": 0.002218772191554308,
  "card1_transactiondt_min": 0.002207207027822733,
  "uid_encoded_transactiondt_std": 0.0021434163209050894,
  "v77": 0.0021335177589207888,
  "card1_addr1_mean": 0.0021297503262758255,
  "TransactionAmt_per_hour": 0.0021145774517208338,
  "m7_freq": 0.0021053405944257975,
  "d14_binned": 0.00206016399897635,
  "TransactionDT_day_cos": 0.002058878540992737,
  "card5": 0.0020303698256611824,
  "v215": 0.0020140737760812044,
  "m6_freq": 0.001999506726861,
  "v264": 0.0019897830206900835,
  "p_emaildomain_freq": 0.001953868428245187,
  "v307": 0.0019359498983249068,
  "v20": 0.0019273675279691815,
  "c14": 0.0019158655777573586,
  "m7_freq_log": 0.0019082622602581978,
  "id_02": 0.0018929876387119293,
  "dist1": 0.001872487016953528,
  "card2_freq_log": 0.001854186994023621,
  "uid_encoded_transactionamt_std": 0.0018429463962092996,
  "uid_device_encoded": 0.0017591345822438598,
  "m1_freq": 0.0017578689148649573,
  "uid_encoded_transactiondt_max": 0.001752337091602385,
  "d11_log": 0.0017216596752405167,
  "d12": 0.001682376954704523,
  "uid_encoded_dist2_max": 0.001665720366872847,
  "m2_freq_log": 0.0016523714875802398,
  "uid_encoded_addr1_mean": 0.0016474161529913545,
  "uid_encoded_card5_max": 0.0015723231481388211,
  "is_business_hours": 0.0015675105387344956,
  "v218": 0.0015613067662343383,
  "m6_freq_log": 0.001528497668914497,
  "v229": 0.0014578518457710743,
  "d8_log": 0.0014062500558793545,
  "d4_normalized": 0.0013916421448811889,
  "d9_log": 0.0013786228373646736,
  "v304": 0.0013471510028466582,
  "v4": 0.0012685973197221756,
  "d3_log": 0.0012530789244920015,
  "d8_normalized": 0.001237554126419127,
  "v21": 0.0012223863741382957,
  "card5_freq_log": 0.0012173866853117943,
  "v171": 0.00120856415014714,
  "id_13": 0.0011645419290289283,
  "v298": 0.0011552373180165887,
  "card1_dist2_mean": 0.0011456009233370423,
  "v55": 0.0011447241995483637,
  "d2_normalized": 0.001139358151704073,